{
  "IsEncrypted": false,
  "Values": {
    "FUNCTIONS_WORKER_RUNTIME": "python",
    "AzureWebJobsStorage": "DefaultEndpointsProtocol=https;AccountName=mimecast26tiregional;EndpointSuffix=core.windows.net;AccountKey=uQFfAbPazhXUSAD+uGeknBeKeZC9UWsAA0EHo5ZYkwF/oMesuAgxnlqT/6COy3X/KEcwggzsu1G3+ASt0WY/6Q==",
    "mimecast_email": "dhamilton@mimecast.com",
    "mimecast_password": "xyz",
    "mimecast_app_id": "71fea1f7-4383-4b6f-a61b-4403fa8436ef",
    "mimecast_app_key": "d8b1f17b-d92d-48f5-805e-3926d552e872",
    "mimecast_access_key": "mYtOL3XZCOwG96BOiFTZRpRyIIzVwNLKbetauficnVFFNWBp6ng9fvXMvGOgLE23o6pFdY_2YyTIxdsenXhoDECa7tDMnNLwa_P_OvP6xJvnaXgIatXUk4-coxWxCbLRa13ejmQTBuPb45iG3wy5e1VI5HDYQ2qiqZv4MumFcfk",
    "mimecast_secret_key": "hnh4vvlcw3TM+KTnHLESuFAE3I+fSnGYMUN6YomoiyZQEoK6xt3XeWSd1mg+x8w281rf4Q29VKsDKrNGrPAQ2g==",
    "mimecast_base_url": "https://us-api.mimecast.com",
    "log_analytics_workspace_id": "4bf13023-4b14-4bca-827b-b1444a1fe52b",
    "log_analytics_workspace_key": "RiDsPhmjiDYaxT9lhlk4Ols5caBwf7MA+yyKkixS6FGNsvRnFsnq/BRPe2pcqyeRm7p76IG0obX5KknV3u982A==",
    "active_directory_app_id": "9b085d6b-0ac0-4112-bd4e-7723896e5b4e",
    "active_directory_app_secret": "s0I8Q~StWMtePyhryeF2BVXrj8FtNfJBatNr0dv_",
    "active_directory_tenant_id": "3adb963c-8e61-48e8-a06d-6dbb0dacea39",
    "AzureWebJobs.GetTTPUrl.Disabled": false,
    "AzureWebJobs.GetTTPImpersonation.Disabled": true,
    "AzureWebJobs.GetTTPAttachment.Disabled": true,
    "AzureWebJobs.GetAuditEvents.Disabled": true,
    "AzureWebJobs.GetDLPLogs.Disabled": true,
    "AzureWebJobs.GetThreatIntelFeedRegional.Disabled": false,
    "AzureWebJobs.GetThreatIntelFeedTargeted.Disabled": true,
    "AzureWebJobs.GetSIEMLogs.Disabled": false
  }
}