{
  "scriptFile": "__init__.py",
  "bindings": [
    {
      "name": "mytimer",
      "type": "timerTrigger",
      "direction": "in",
      "schedule": "0 */1 * * * *"
    },
    {
      "name": "checkpoint1",
      "type": "blob",
      "dataType": "string",
      "path": "ttp-checkpoints/attachment-checkpoint.txt",
      "direction": "in"
    },
    {
      "name": "$return",
      "type": "blob",
      "path": "ttp-checkpoints/attachment-checkpoint.txt",
      "direction": "out"
    }
  ]
}
